,exchange,transferstrat,median_SR,mad_SR,mean_SR,sd_SR,median_CR,mad_CR,mean_CR,sd_CR,median_MDD,mad_MDD,mean_MDD,sd_MDD,median_ANN_RET,mad_ANN_RET,mean_ANN_RET,sd_ANN_RET,median_ANN_VOL,mad_ANN_VOL,mean_ANN_VOL,sd_ANN_VOL,median_SortR,mad_SortR,mean_SortR,sd_SortR,median_DownRisk,mad_DownRisk,mean_DownRisk,sd_DownRisk,median_VaR,mad_VaR,mean_VaR,sd_VaR,median_TailR,mad_TailR,mean_TailR,sd_TailR,median_Skew,mad_Skew,mean_Skew,sd_Skew,median_Kurt,mad_Kurt,mean_Kurt,sd_Kurt
120,Americas_SPX,1000_global_linear_linear,4.019491555744447,2.0098057396416924,2.7780778291779247,2.180220964174966,7.4362578126417,6.779008643160478,8.530792291353034,9.001499989325172,-0.30819155014078436,0.13293947993635546,-0.3515093292543979,0.1664236719119062,1.9420832461332276,1.8473320245056561,2.2452472242727985,2.5564641993213213,0.3018436703253168,0.07391137731692313,0.314548247447369,0.0982846998251256,8.074698822075828,4.1643221109477695,5.967275919030778,4.612662614964211,0.16489187449726206,0.03780498211818974,0.17153085545454597,0.060429393251728775,-0.0206677260614851,0.003501070906830844,-0.02329352924160823,0.0037152059798424113,1.9105885729659344,0.4269254759414141,1.5903944660098739,0.4530374058034588,1.1579422274220132,0.9780416771150011,1.1189492295262868,1.4406005415646264,10.68094510175138,11.630065440160429,16.36778433740332,21.796394787761354
121,Americas_SPX,1000_global_linear_lstm,4.507629657483528,2.2400988949778884,3.49238206951537,2.494254774839461,5.783211603577492,5.149472138683049,6.6464730763881334,6.464709734074751,-0.0977982243833701,0.041996404019128006,-0.11383121631757387,0.05888645069560494,0.5525090726305533,0.3877427827693813,0.5380981922608665,0.4605708906097577,0.1081294594805483,0.017746989133049843,0.10706901761786061,0.02673125127884875,9.155855161330871,5.145116490662164,7.836226128330268,5.962056952060327,0.05199174337541465,0.01172659532849466,0.05667599147782102,0.020457149550035917,-0.0063065357882369,0.0014175964310250446,-0.007305998385274733,0.0015052012014589787,2.385441121280331,0.619635167935142,1.926725903925964,0.6575520847370083,0.9522140461328448,0.7397256506249609,0.8292295574549358,1.4543492484151355,9.632697977611762,9.764515645234757,14.9769294209383,24.616335766894885
122,Americas_SPX,1000_global_lstm_linear,2.9289497495011045,1.3955354515565466,2.385913889972112,1.5865166073566888,2.528445712432601,2.0569052315047074,2.88648201625145,2.524028465881444,-0.08726226157243835,0.03044528866943277,-0.09630966307573235,0.046305549177612364,0.22912125335181877,0.1569930193742083,0.2296577898433527,0.18589595369213724,0.08122404000556624,0.015448328648664938,0.08042988877114074,0.023905633012935728,5.816416871860553,3.2220122370551167,5.196700475339044,3.750261654868532,0.039562612363268246,0.009458576937316415,0.04261920135478406,0.016379074436063127,-0.004201280166147,0.0009348689913817115,-0.004885882668142535,0.0009921402431874375,2.347059494020363,0.568027556938917,1.9434479166774745,0.6030475751401811,1.807508295715591,1.2592038216002976,1.5511491661784247,1.9572529520959587,20.09568781399457,18.90540063378769,30.44234279324596,37.515806515237074
123,Americas_SPX,1000_global_lstm_lstm,0.3765581088104759,0.22420322710637702,0.3512354750172854,0.32063253914412104,0.1254599539019272,0.15177805724111887,0.16464134091722563,0.2556379000433925,-0.30921775658668776,0.12003498191904849,-0.3084704189819871,0.14473865789188037,0.0384823684805981,0.040937114070515444,0.044934427795081236,0.05657937909910019,0.13200477788341444,0.04693136434617608,0.13455093907579407,0.05891591827309522,0.5487815069513984,0.3288676571141557,0.5196921881426037,0.4681951716664126,0.09132309888701856,0.03222234097457421,0.0928863300436265,0.040394428054267684,-0.0132082446454126,0.00043468840591319967,-0.012883285464736,0.000461275946122472,1.0529296310931344,0.02058495701009755,1.0375170365085344,0.021843999709521063,0.1272364051639145,0.5001157254262446,0.1373015051185628,0.951159271173124,10.24209196443177,10.67171662594448,15.398346515678352,19.86247260836315
124,Americas_SPX,1000_no_transfer_linear,3.886274963059247,1.911204676246312,2.5492062541778306,2.064437919596169,3.3698435198122323,2.303405919293211,3.117298690571202,2.670853503784503,-0.004219178452506,0.0029569976589315845,-0.005577299296288002,0.005892106198102553,0.0146338106110641,0.007396761449847454,0.009743464776882427,0.007978259437933417,0.0037914642650696,0.00048212230186134384,0.0037601007191902327,0.0021145446189502065,9.613743683780076,4.694832747530277,6.691781488516144,5.076725806209324,0.001578748598958,0.0006095233791730768,0.0019021451400148101,0.0018819332271046948,-0.000185581960639,5.594524030471111e-05,-0.00022754089086753331,5.9367004226694355e-05,2.7586770636892077,0.8170075560217511,2.1459213966728945,0.8669779728785988,2.119083803280426,1.3457174444774027,1.397165570514798,1.8106536920825567,13.202849563831432,9.12252557264408,18.167882487043947,19.839023544707118
125,Americas_SPX,1000_no_transfer_lstm,4.985721340667482,2.4749626025337945,3.7628453491505316,2.725816748743557,6.156660072867752,5.3554799252762555,6.885857390044005,6.630772652010857,-0.05483707414521895,0.0696586868232354,-0.09741629719121685,0.08614865807918187,0.31584874557474285,0.19760596450741238,0.27690471880874246,0.23010308803087215,0.0666369571114593,0.023913575705234454,0.0768769717047902,0.03127833937823155,11.51484673929327,6.7013155564210996,10.01251194409813,7.808741866145807,0.024722375324216,0.024580718722364028,0.04108291655275757,0.028903187557562177,-0.0027661797322706,0.0035406400895157328,-0.0054216597994073985,0.0037571953219724297,3.130743280748898,0.9454334600475032,2.4216681857132705,1.003258756473192,1.5229165719640705,0.8958258192429258,1.2111759481697033,1.3987611209329562,9.9167805874875,8.380114173769492,14.30407199182033,22.779177830417595
126,Americas_SPX,100_global_linear_linear,2.87666363896942,1.4370906082459962,2.017630501653605,1.5776579381397573,3.773721225195188,2.72983115561887,3.6375297392526984,3.2246140698811385,-0.3014907759214623,0.10586668859223747,-0.3348298580118512,0.13440965302547755,1.049195006668316,0.7446236220432604,0.972689932314579,0.8643241644049283,0.2781882347218299,0.05928795843041563,0.2798895857711656,0.07642004920331563,5.437346659636928,2.7887373820886214,4.028229684964954,3.0933716766044626,0.1562597995638756,0.02994023544961455,0.1584537184268441,0.043304684011107084,-0.0198558685104448,0.002054535396869246,-0.021396770058096735,0.002180196401436469,1.6845558023284193,0.3244012359543707,1.441254875362641,0.3442425028680452,1.2525822160949105,1.0170126837647417,1.1894443361999998,1.5561100003751527,12.65585358413201,12.30920493675622,18.215228038504247,25.560527744765487
127,Americas_SPX,100_global_linear_lstm,2.369415764532945,1.2954846186329765,1.7287490444963427,1.4490822641767869,2.0429862313923395,1.75305033558705,2.1732910485200856,2.1260389364454415,-0.24773258376512047,0.08029203636204035,-0.2704549669136909,0.10640017685830744,0.49206181754614886,0.3696581005518238,0.45604341393590997,0.4343753965195478,0.1938066323286619,0.032549141847808084,0.19115597719865612,0.04614305522672718,4.048322527821284,2.3167868784896832,3.1775488672708674,2.6255907727985766,0.1133447281348441,0.019674417747797723,0.1155798773637134,0.03085648447996989,-0.014064821834742,0.0018901812104557111,-0.015471928423359834,0.0020058083052321885,1.529383331154979,0.24924613094447903,1.347555356011188,0.26452360034695566,0.8929769388577016,0.840565593847228,0.8799404897090215,1.2468983436848151,13.169149678017018,12.231317452092586,18.597093609358815,22.412085018596386
128,Americas_SPX,100_global_lstm_linear,2.397443299769052,1.161091797387405,1.9234986583510603,1.321168482131274,2.0085310037750044,1.7136949321861599,2.29571784847057,2.113102059076911,-0.24037273789681374,0.06823268709604602,-0.255653119321861,0.09086354730703398,0.5027968633309169,0.3724156524287689,0.511343932881763,0.4427572129066694,0.1931758081453236,0.033601930605331065,0.18987651257588012,0.045395695663185215,4.15077503382129,2.168896606529561,3.501097797850102,2.4990353886731316,0.11300771279686239,0.01807824873982017,0.11273992521545581,0.026950523710397606,-0.0142116716967339,0.001245502654243422,-0.015110846198250767,0.0013219893712198905,1.5425580911709231,0.23189622536247548,1.3757954263401855,0.24614912229117156,0.845186032157008,0.7593225339174701,0.8676236952725266,1.1756601140227123,12.247058549627452,11.478200299911542,17.471356671801217,20.956526196726546
129,Americas_SPX,100_global_lstm_lstm,0.3784574206669068,0.22105754167730263,0.35486381458243577,0.315709201613191,0.1282989000309858,0.15126888318389323,0.16615128214214336,0.25369595711365006,-0.3316989708400489,0.12251511097861402,-0.3235115651728786,0.14930937027253488,0.040640849345111,0.042712343763346136,0.04732327010331911,0.05915176306625202,0.14297250266927414,0.04877944428452867,0.14320523375235417,0.0609047659817598,0.5507728555786038,0.32460884335245266,0.5247635332630666,0.4611928482921529,0.09734655089859576,0.0335554894574839,0.09885157075603206,0.04192601219472661,-0.0139630047056166,0.00045713695515424484,-0.013637251276195764,0.000485297762745095,1.0505102777216109,0.0203737258218654,1.0364664034838993,0.02164341804098702,0.1233475620215128,0.5094889149823585,0.1363062962218881,0.9563136709766621,10.593564542433736,10.984563377752798,15.821793316488455,20.25585524777963
130,Americas_SPX,100_no_transfer_linear,2.760537322467704,1.3257085830046043,1.9154942199421414,1.4625019088421043,2.9886089297247573,1.8388486237789292,2.6020006157886586,2.0838887143114944,-0.00548714082221005,0.002827530304930976,-0.0066374513160109925,0.0059199321083374026,0.0163121634741052,0.008702997521352611,0.012375315716246253,0.009746567070879033,0.0059497744187339,0.00139717838376147,0.00560639536185149,0.002538832082696731,7.374037510796127,3.5347137074337365,5.29086932577854,3.867150928684893,0.00240351673306185,0.0005292808694740485,0.002534474459855834,0.001885966442077838,-0.000268239161509,3.0868961975200015e-05,-0.0002913908829904,3.275699212433348e-05,2.2910110732058726,0.585884154975573,1.851597956974193,0.6217184324411441,3.774023096171728,1.9853765142938538,2.8776118212979522,2.569760114785194,29.59348837047065,14.27363952340082,33.792194804996385,28.587565604358016
131,Americas_SPX,100_no_transfer_lstm,1.8404969825120705,1.0193709841883254,1.3154194111842217,1.1472490113508549,1.2632819186101547,1.0114772508068632,1.282930405541234,1.214253928013986,-0.076641565215999,0.03504251258139492,-0.09035974386884693,0.04627677064919493,0.0929787579080319,0.06616080652841834,0.0791859008259574,0.07713324232528056,0.057125435651517,0.010623603627212468,0.056704314637059286,0.014704520740877334,3.35015734389642,1.984517880114974,2.6651598135792782,2.254054447042702,0.0305244892960923,0.007985728661849456,0.03306148858911373,0.01132651094678099,-0.0032045230377165,0.000803403398000311,-0.003807075586216733,0.000852541747341617,1.6687750557694891,0.31149014753702553,1.43515744511672,0.33054173696787265,2.1483060443806723,1.8837200269166874,1.863330800505963,2.5395691439742514,32.66964612083958,25.75597468159909,45.05522614572058,48.52926553901278
132,Americas_SPX,10_global_linear_linear,1.158358085259489,0.6126322108973359,0.9110181564942335,0.7420587827556157,0.6310215064601593,0.5102132570828696,0.6690415756693044,0.6408736855726415,-0.38780034661453233,0.11716745173425826,-0.4068547374835021,0.1495125618779649,0.28212894323059995,0.19608802249714283,0.2521501437632614,0.23139944947435767,0.2376840667888494,0.05360072506339798,0.2401756199630667,0.06982364569786423,1.8735174782085708,1.0344617271320515,1.5532787709726823,1.251165109718529,0.14611033063053797,0.030975524266610793,0.1506714267213505,0.04158908840986951,-0.0189635967692828,0.00023903783597168868,-0.019142875146261566,0.0002536580438510714,1.2939545881200911,0.13536467627788026,1.1924310809116807,0.14364395013702894,0.848096788306274,1.0017499451869838,0.9669323635046169,1.513007978348613,18.483675379640097,16.69909922114804,25.390138383039556,31.769343654926637
133,Americas_SPX,10_global_linear_lstm,0.3655416659314099,0.25246993536795087,0.3175173143064867,0.35097499800371124,0.1163614958786457,0.15484311491946057,0.14956829536805386,0.2603475411634666,-0.3181520538086201,0.16714652299808339,-0.34110793935089945,0.20324568526657735,0.0369011625221299,0.043748348267686074,0.039638702611125114,0.06400357541691787,0.14078829030015566,0.06431761219565205,0.14722097960665592,0.08198474771961008,0.5281572556634656,0.3683799298238489,0.47191782608328803,0.5104816214016037,0.09846732212435369,0.04389197859917605,0.10162459917175792,0.056776504757083755,-0.0146704589306981,0.00047886092776159894,-0.014311355572644801,0.0005081493730910287,1.041714669941054,0.01733915859387336,1.0290680361455233,0.018401989431066423,0.121364298489353,0.5156851299637761,0.13021051123256863,0.9736009689274483,10.586592430376507,11.033024033408358,15.813369460880628,19.807117357553324
134,Americas_SPX,10_global_lstm_linear,0.3518378020827739,0.3404518561621718,0.2367737681777255,0.4340004759785253,0.1089593946242421,0.17069331938062146,0.13268425306581366,0.2719161997800521,-0.29654671206110217,0.18641740072568344,-0.33585024380752965,0.2255627688911544,0.02657940166883615,0.047518268008218845,0.03160241262655921,0.06770192262669046,0.12212470367664649,0.07050533287397923,0.1325709992482542,0.08799521536808982,0.5135201733041426,0.4892136309748468,0.36098970098313954,0.6230699106900102,0.08504654282248694,0.04785737501323116,0.09149136441728685,0.05989341592002217,-0.0134168766511635,0.00031467339554564394,-0.013183232925684567,0.0003339252524079142,1.0430122419185357,0.014968942226794976,1.0318092567945447,0.015884495496983803,0.1275336574947511,0.6083427467094648,0.10730969022620572,1.1446734252711113,12.97269193349285,14.38277432011641,19.67556356976896,25.177541411406075
135,Americas_SPX,10_global_lstm_lstm,0.3616439571919881,0.26936357767885516,0.294291757345662,0.371695072868058,0.1155208883199656,0.152667354667181,0.1435814371449687,0.25503266987836715,-0.2957508610271167,0.16961742645113392,-0.3220240300469599,0.20441388066964664,0.0341864844491552,0.04037337075810587,0.03690103953500219,0.05703230377270931,0.1268260378342437,0.06529244040258086,0.13583323201559916,0.08158619332076895,0.5211137914004429,0.39040642716325397,0.43912323440814954,0.5376869069878734,0.0886039339570364,0.044382900273832626,0.09370266623392433,0.05550307732542236,-0.0137216274470116,0.0004967695167765324,-0.013353348723394302,0.0005271649932675681,1.042393176313865,0.013926512686952256,1.0322598232215165,0.014780487270244651,0.1102836860407926,0.570117988010413,0.08684957054386871,1.3370777663978428,10.87064770925256,14.30534694197342,18.254308550701296,46.16036473564584
136,Americas_SPX,10_no_transfer_linear,0.5044354577915507,0.36896495975447746,0.36815388409013444,0.4751559753480318,0.2113526174349338,0.19842610875685834,0.20750189685662002,0.27368756358163576,-0.0344970555222093,0.021349671618496657,-0.0408822311719627,0.02839616774275836,0.0068620637817669,0.006931997162389588,0.007251616253265704,0.008917032200054596,0.0152914971403831,0.006011601224287736,0.016038841121772795,0.0075063025196971155,0.8461884625930756,0.6286428533729856,0.6859380865634002,0.7906185168676519,0.00931236971228715,0.003218602637449661,0.009596461758000704,0.0041970338297008195,-0.0010361183004946,3.586791939817782e-05,-0.0010092173609459667,3.8061699456764e-05,1.101686245986451,0.0481730210918031,1.0655564801675985,0.05111941482766103,3.131999514108081,3.738803121141876,4.064947468044193,4.857583757098038,86.63360602989287,117.71006053024004,139.8674018073713,174.04716114865155
137,Americas_SPX,10_no_transfer_lstm,0.2498431159726711,0.38356249392941466,0.12935702031942192,0.45267761946612983,0.0762712750305259,0.15328965138191283,0.10090398540338626,0.23404222342392103,-0.072782103819413,0.08418518349658195,-0.11017236772825402,0.1137909067697937,0.0034280866874579997,0.012578798528140363,0.006374955912813904,0.017610582262859213,0.024261380506286498,0.019939887883485302,0.0306639481407509,0.026310054490046964,0.3648055548696812,0.5482073863038703,0.20627941449363815,0.647813693527556,0.0172258679474714,0.013669588595582871,0.021250763638341254,0.017923091038182175,-0.0031741390527299,9.106960610644416e-05,-0.003105836848150068,9.663967231524073e-05,1.0348706842655395,0.009089578840531262,1.0280535001351412,0.009645522344807101,0.0853139179459021,0.7428023776450091,0.09696491697093992,1.567816581398135,12.056388061667942,22.773778587497823,24.941777195444654,51.43037272306737
138,Americas_SPX,500_global_linear_linear,3.623190103213056,1.8341192742356165,2.545144762031345,2.000208223264305,5.858480204468043,5.3546735083247,6.759176734306175,7.078181870956924,-0.312697859359223,0.11982236060465626,-0.3498426474938602,0.15211982926591006,1.6378024101979536,1.474998057420138,1.8234906063230134,1.9446187097579684,0.3011474214020935,0.07234799537284094,0.31164787892221835,0.09563169438699085,7.109769051065702,3.690760651916139,5.296717228376598,4.103854221128821,0.1680072066657965,0.036836898709930066,0.17276464787735263,0.05828938529269189,-0.0211362867771389,0.0030879408959557787,-0.023452242449105737,0.0032768078074829825,1.8237849996449376,0.38466889695451123,1.5352833269290542,0.4081962988628592,1.083558789312755,0.936983059904104,1.1112392060355158,1.4367309083682738,10.696834546697923,11.78071816276653,16.4499632088468,22.730882208657157
139,Americas_SPX,500_global_linear_lstm,3.826760127253889,1.7635983943632998,3.1363924205423146,1.9901062300005343,4.281571780416017,3.664049532968774,5.028041206176459,4.521564351688403,-0.085824171403026,0.03127726242548687,-0.0976780548324189,0.04582599617652187,0.3841905546377231,0.26589021114535866,0.3944487877917474,0.3154763457892943,0.09490265440639715,0.017065906591492708,0.0941431183802538,0.023910389520923902,7.648270563300067,4.128755267834834,6.829409212759431,4.801148742166227,0.04689885838940715,0.00919553312205508,0.049525438394918284,0.01460251930435623,-0.0055917178489561,0.0009521327834050221,-0.006268125932701666,0.001010836854680864,2.2782978919333714,0.5396331495866724,1.8932283016735454,0.5728636407933825,1.2438615880641186,0.9099114657383192,1.1020531258984423,1.348291450118472,12.138946487002148,11.332705689055674,18.215125071461614,21.5665051437828
140,Americas_SPX,500_global_lstm_linear,3.4925204718775227,1.8425941704747835,2.689535018409025,2.0642894551978004,3.248208099288296,2.694896144357427,3.532007990737707,3.295876170609103,-0.1162209422878645,0.05316429003848558,-0.13727990969546683,0.07538347764109446,0.36884720721874653,0.261745613443281,0.3474507876963973,0.3106906029261183,0.100639232316514,0.01716326782574306,0.10004063665895646,0.02694911519878593,6.577465796751062,3.8385626355447977,5.615813384511302,4.438954169796824,0.05227650385998595,0.01224114500434752,0.05613342653536892,0.020020170312729197,-0.0060980402514904,0.0016666017348547328,-0.007315576989741099,0.0017687338686673112,2.062238032898322,0.48222813080392485,1.7090534409768212,0.5117694785767599,1.0139530559584764,0.8853639713955311,0.968674535300482,1.2701104832967949,13.125076276352718,12.366313250399946,18.835344416528855,20.987108091164437
141,Americas_SPX,500_global_lstm_lstm,0.373464521353977,0.22208967326134577,0.350871187068199,0.3162345774850796,0.1227837650809046,0.15167281573106245,0.1630265966949584,0.25455241393898903,-0.33180636243922945,0.13108821366543497,-0.3293457586122653,0.15989594806631052,0.04060301288700705,0.042758036517350065,0.046505572571110765,0.059570467464799624,0.14138970886130897,0.050259115975964025,0.14395959342550071,0.06266656250850523,0.5430979625219556,0.32584283524320473,0.5184794332043863,0.4618806815771797,0.09792035421884444,0.0342832039829654,0.09936184016741993,0.04270862474932317,-0.0141343623964727,0.0005352416009050658,-0.013737805238400402,0.0005679923963014232,1.0491056465486246,0.02091662625823032,1.0335305718831977,0.022196134225642723,0.1211418917976338,0.4978679409266021,0.13194707083032672,0.9437839335248723,10.408890148098136,10.574383740633545,15.391435330898076,19.546792894339152
142,Americas_SPX,500_no_transfer_linear,3.849708247467184,1.8849289641106017,2.5335059091027494,2.0359784460455983,3.437934450200304,2.3050891950674397,3.128476966804438,2.6820540680341622,-0.0042349164446406,0.0028487837933334724,-0.005488066684590942,0.00582970740848882,0.0146623004222903,0.007373309439291685,0.009809936096233355,0.007962789423529097,0.0038287124033524,0.0005172193459541491,0.0037695566923778095,0.002120424743075836,9.59797949273419,4.659372474804031,6.682276356990543,5.03753831584615,0.0015974520603335499,0.0005820934274749018,0.0018908874169865386,0.0018770164438044875,-0.0001863638013534,5.2659771771111115e-05,-0.00022585863018173333,5.588058745095879e-05,2.766162048017724,0.8176067616296834,2.152956976795461,0.867613827540497,2.1612204355474613,1.3669148045386768,1.4432915926132401,1.8372087265222181,13.305245552748406,8.862668668237857,18.250842845842584,18.940681138849214
143,Americas_SPX,500_no_transfer_lstm,4.379282113031698,2.1659949258716615,3.325494000422165,2.390557476782344,5.140369060695185,4.766635509494867,5.9899942237531505,5.814729828213431,-0.08691290111886846,0.09280623620901268,-0.14092981232011,0.11352858593568341,0.41791584736215664,0.26717369234186394,0.3740479009339142,0.31194358871683425,0.0957351997469439,0.029958597875127495,0.10812338125946912,0.0400872272476029,9.533250894667775,5.521251408390322,8.286010093088784,6.4139553282619355,0.0386366012097682,0.031377908948491934,0.0587417022199731,0.03705688632611186,-0.004342166864936,0.004624812947029467,-0.007810776575208099,0.004907679156949631,2.753425870387446,0.7803041039192693,2.168197792447994,0.8280296372519338,1.4810454927064074,0.9733794366073605,1.278567873401482,1.5166451254020155,11.6949598179441,10.354892047619442,16.586362695482183,26.000903643597724
240,Asia and Pacific_KOSPI,1000_global_linear_linear,3.378750669900582,1.5262826364062445,2.551640656184719,1.703183589821347,7.299009864915424,6.575501866035552,8.561480464308868,9.173647721394525,-0.3780337694537413,1135813928.7689846,-569184595.7558806,12006954613.421936,2.5445750603267694,2.386392388097828,3.0196879029137227,3.2530562251677435,0.4317798203226473,0.08986266558092176,0.4296981958072683,0.1204646799121326,6.2402599190954025,3.013822871379743,4.983586797528686,3.4565212888414285,0.2374370432410615,0.04787673134192352,0.24251623766608688,0.07801716257890111,-0.0301754483043156,0.0015279986921756898,-0.03132144732344737,0.0016215975982222092,1.7570829350500514,0.31891120058986305,1.517899534607654,0.3384463871407697,0.8696483357808257,0.8837206546477195,0.7605856725939792,2.897892055992858,8.673930385121846,21.663387183908696,21.132854199271925,160.2337138657196
241,Asia and Pacific_KOSPI,1000_global_linear_lstm,3.3875071476085523,1.5679719164972996,2.804796574824477,1.8064674119107489,3.582777322179945,4.032676757884541,5.04514698576497,5.678442953083264,-0.1684102750487024,0.054122338761036656,-0.18176190490021646,0.07659341709319983,0.6890518621262764,0.617041052468718,0.8073332952607815,0.8529045497584482,0.1698638127029474,0.036220686248297364,0.16954234757119563,0.04728747011275594,6.973730508966038,3.918127824581394,6.325791625317469,4.741601867745351,0.0824589031457844,0.016155651386105,0.08652484754531926,0.026993250957350605,-0.0091751600871236,0.001369961462909577,-0.010194686141770331,0.0014538941479092693,2.5046573468313564,0.6250415735356109,2.0499744116058904,0.6634290307686929,1.6459865659976816,1.0005279163530096,1.3166637806691692,1.7810911776413814,15.096228172205489,11.982381897577964,20.97098310362252,31.94972024602581
242,Asia and Pacific_KOSPI,1000_global_lstm_linear,1.9592641563254456,0.8381279414894851,1.6866020318220425,1.0012642620381793,1.5918200284644928,1.1125439553411465,1.771477596518253,1.4346315383450507,-0.1215161029174531,0.042092376730170716,-0.13043007407028295,0.05778271032181247,0.2002140862107388,0.13917240808305867,0.21061435414134339,0.17013980282631705,0.1024409643385799,0.02393839891652928,0.10124131820510557,0.030404321515446024,3.794545256631852,1.9428471486389705,3.5311272137426846,2.3599520622284844,0.0528032180630499,0.010720576612759743,0.05371828591459142,0.01732604725951216,-0.0057477294238749,4.87855448698e-05,-0.0057200164717302,5.2279300273082907e-05,1.8966762388173928,0.3507908039062238,1.636224886223791,0.37228505937444806,2.320249989454947,1.9558562719136814,2.051671982390985,3.18941853053277,36.834811685275696,30.06282716977204,51.4744195829443,79.45537184054751
243,Asia and Pacific_KOSPI,1000_global_lstm_lstm,0.34156220897858425,0.2641353400014698,0.22385507183097267,0.36426008502284135,0.10701260592720375,0.13241033504806565,0.07737435904337439,0.22683382810178063,-0.4602770206115796,0.13213231485142202,-0.44221258464656366,0.16104287140122964,0.0483614996365695,0.05336561130240613,0.03899982934247289,0.07491545098873201,0.2163798541056505,0.057711422233072684,0.21338004198104463,0.07202752286572241,0.5312300965625643,0.4064888338365933,0.3677625038639522,0.5735963569492174,0.1406873550882443,0.03698723409972253,0.13747035494688017,0.04643826815682251,-0.0202445665172967,0.0013676106815718654,-0.019222945937407403,0.001451388720080889,1.129713165215534,0.04229418795565665,1.098197403357434,0.04488526777515843,0.801014941598109,0.853418026316936,1.067614922117563,2.6920068934144084,8.473892902300168,20.309891317921238,20.035856568773635,147.44902168999892
244,Asia and Pacific_KOSPI,1000_no_transfer_linear,3.50139712788173,1.5840958459390455,2.4299623073516123,1.724018104938025,2.7992080182268495,1.7640961074081425,2.5680838111939015,2.071968669408521,-0.0094850184476653,0.005083104300123895,-0.01173218794116172,0.007349593826485238,0.0300674007937058,0.01395848808405448,0.021291720015449142,0.015246163883914388,0.008541318696088,0.0011610304732077455,0.008484550054712056,0.002306593610051544,7.815048715185021,3.6011017067489908,5.6295739528218816,3.9259777791179626,0.0038280697895903,0.0010257772123835915,0.00434558518131834,0.0017427588561330868,-0.0004634310957736,5.4242125267200035e-05,-0.0005041126897240001,5.7564774437415685e-05,2.3887952358622213,0.6140554442864237,1.928253652647404,0.6516699515051969,1.9282165436891539,1.3754622778034085,1.5683161816848434,2.678783392389213,15.212560456044661,21.90346885911512,28.848836262924763,50.76010617797314
245,Asia and Pacific_KOSPI,1000_no_transfer_lstm,3.9830471753271417,2.084355652846079,3.1646965654784607,2.3821702536771494,4.3549967448131,4.926699378807182,5.906283567198058,6.857780604431661,-0.1545637801752973,0.09636202035007005,-0.2006078395958471,0.12790930376358048,0.6376509835929531,0.5908003204588483,0.7350304495608164,0.8053778555793727,0.1524814083982844,0.042958608429074244,0.1660663573187434,0.05966759386595464,8.752300008530778,5.407411389006175,7.865727762024883,6.663390346706539,0.0635417375474631,0.0423387431662208,0.08971536801334577,0.054788171727430605,-0.0065961068558912,0.005271122401051334,-0.010549448656679701,0.005594009647553623,3.004540889871366,0.8720416665493792,2.350509639959331,0.9254593470971192,1.5808663222003223,1.1420489247858114,1.0680755944763458,1.8001317065802385,13.862738117401136,10.471712269859049,18.63584309372228,26.77984151888747
246,Asia and Pacific_KOSPI,100_global_linear_linear,2.626347814297684,1.1471994221957573,2.0306049954238126,1.3166924169184584,4.153980070198265,2.883070479333651,4.206054510558158,3.6993496146400653,-0.3906360159846761,0.10181728977377048,-0.41195470283649566,0.13769791665487913,1.530442048577441,1.134297519090251,1.5794700895004938,1.411129767937279,0.4130168116083689,0.08133263531370474,0.40144984173504045,0.10471058799138576,4.681084526071603,2.1516593052457607,3.7875659207248233,2.4960909115483654,0.231396108966639,0.04392928132201005,0.23230761409655928,0.06500686838649286,-0.0298054801498309,0.0004922097913623117,-0.030174637493352634,0.0005223605357659601,1.6276513672343729,0.2597508157540647,1.4328382554188244,0.2756620808119251,0.9049578323064594,0.7753863222589645,0.8648294341683893,1.6296823374764653,9.42765556714377,10.343062462403354,14.893848063431621,31.100054952942575
247,Asia and Pacific_KOSPI,100_global_linear_lstm,1.7670317747415087,0.8599277388153057,1.4132630559795176,1.003305373529417,1.4673620733746828,1.097470001755261,1.556549511750972,1.3580535699777119,-0.3163983767860414,0.08869496435055588,-0.33422342509179004,0.11665053408826916,0.4620383491265427,0.3662302795141037,0.48735325094494314,0.4368600048471072,0.2584092049434236,0.055010654282351926,0.2523158370463785,0.06950499042970514,3.025007424633502,1.491137642489992,2.4668964766136616,1.735570100978444,0.1529547771013863,0.030475530546605175,0.1520638529242433,0.04140213430956159,-0.0205226025962446,0.00042352373441662103,-0.020227965027704336,0.0004498598182866294,1.4269630419644583,0.18206148726113167,1.2936122478201648,0.19323145751678497,0.9374254335659521,0.737666069009653,0.9670578962374573,1.685898199946683,10.477497715500657,10.846125387969916,16.39552800667127,32.17325956209947
248,Asia and Pacific_KOSPI,100_global_lstm_linear,1.822373378154581,0.6561040299096905,1.6522508923046766,0.8142470926865413,1.7705816564794823,1.106849012968356,1.945465429531255,1.3677383721832752,-0.318377054972311,0.0882480767671985,-0.32256187454462676,0.12017299828088308,0.5202738054699358,0.37143736261380084,0.5957614531278829,0.44807843379715767,0.2688697460448244,0.05707195632636868,0.26648738271659805,0.07264475705221611,3.1424090532514626,1.2133919701786564,2.866653119569979,1.4833516155956146,0.1615492053692483,0.03155787896774301,0.15942537907854065,0.0434443756107023,-0.02121144743861,0.0004923106948336229,-0.02088419753136013,0.0005235921972083536,1.4622217110237905,0.15469995062010403,1.3470166327330046,0.16417759872850374,0.9266595404746599,0.7295682682920706,0.8883232626339664,1.6899317374255922,10.966268765489048,11.443265667427568,16.980110464611172,35.59394619547866
249,Asia and Pacific_KOSPI,100_global_lstm_lstm,0.34247579305460407,0.263549737305363,0.22485420534651304,0.3640466630733614,0.1030522149002143,0.13484127131047846,0.07276230608450045,0.23198418195622222,-0.5198848014080205,0.14481667913866003,-0.495080685178068,0.17529360655954765,0.0533130986742467,0.06059385256504383,0.04116979419383658,0.08574194981522607,0.2525815012597674,0.06895696940201809,0.24950180274927025,0.08572694587273752,0.5304831738082729,0.40592257903539536,0.3694739762381333,0.5737462136720475,0.1632329445308512,0.04444347636520439,0.16072492287295395,0.0553361490170759,-0.0237626802257815,0.0016237121804340237,-0.022552481776972628,0.0017231852441305802,1.1286816446237191,0.040599647575382335,1.0984285300520642,0.043086914177054965,0.8116568880989676,0.854229272898987,1.0699095452782776,2.7118639157211897,8.476598215249677,20.459033348896458,20.15663311614903,149.32607855944627
250,Asia and Pacific_KOSPI,100_no_transfer_linear,2.87692197111376,1.2903974897216408,2.0288354129612642,1.4226008896430935,2.0486527033964683,1.3574132838032422,2.040068992490225,1.610792743097242,-0.0112229899878028,0.0049332522462050225,-0.012929269412573625,0.006664609979722023,0.0286864755969733,0.013949558572198916,0.021361069390552944,0.015518477485164228,0.0101326578032463,0.0018519400469217057,0.009532407615846618,0.0024929154513418776,6.5087682853065125,2.9989054699666404,4.767799880399334,3.3055619492239563,0.004563288235417,0.0009136066542738115,0.004762355356091151,0.0015826581436318972,-0.0005196269891422,1.691612425355554e-05,-0.0005323140823323667,1.7952336347706807e-05,2.2018562879498123,0.522751070139146,1.8097929853454529,0.5547726474809449,2.6412181484533113,1.6966308817109979,2.0716469693803123,2.808824215992306,24.36227074864866,19.494659715934326,34.47246595414277,47.147856502504546
251,Asia and Pacific_KOSPI,100_no_transfer_lstm,1.2593266529251048,0.3838840811784189,1.1674047700238166,0.4964616426622002,0.9056128135820716,0.5194007993271492,1.0180322012723344,0.7587673600027488,-0.2055309185767572,0.0723274175708014,-0.20274659472726242,0.09224790670462503,0.1808337572826217,0.10180931921457359,0.1871481349661876,0.1224897302452989,0.1469739018249609,0.0408567943668528,0.1405721373100858,0.04961198407611588,2.1752905056595786,0.7272940026136141,2.03078479897324,0.95256396740509,0.0866380136492522,0.022967968327922812,0.08297425679353011,0.028427371499115797,-0.0108949893607521,0.0012736398987888895,-0.009939759436660433,0.0013516578328579929,1.379860810906606,0.07384840198335296,1.3244745094190915,0.07837205090682398,1.467562042511895,1.0235390372035857,1.590241287079467,2.062015967525788,21.640638878727614,18.425082913965266,30.569825859881163,54.421127915829786
252,Asia and Pacific_KOSPI,10_global_linear_linear,1.0923792275039252,0.3866734027000499,0.9858094721513999,0.5213625732857653,0.7562788478946708,0.492095881657449,0.8410129960663296,0.7243005093063256,-0.5454479993165887,0.15179125064763752,-0.527170084219949,0.18774385402916555,0.386123943829465,0.23232381697398838,0.4014789323994648,0.2917857917976078,0.3873645765226691,0.08860377349388299,0.3813589186766841,0.11549227738652362,1.7383079515390654,0.6603778403560133,1.6122507324727295,0.8898042082577067,0.2448384832764578,0.055576398013829555,0.24060664643933824,0.0710967894163316,-0.0322880956279438,0.0020059832790446236,-0.030783608168660322,0.00212886155206123,1.2773557188110027,0.06938830574155541,1.225314489504836,0.07363874754041798,0.6020462165719253,0.8548923413348345,0.8129803503216594,3.111559827346409,11.05677192732247,24.213702095749493,24.837559617595133,192.25953086741953
253,Asia and Pacific_KOSPI,10_global_linear_lstm,0.33042519722124564,0.29760940641673606,0.1864974003513666,0.3827380745059589,0.09979868737651884,0.1345394673656568,0.07658431025356748,0.22762783044936896,-0.3522424550115406,0.16865820081633123,-0.3574885121751221,0.20179245326671144,0.0323862423287957,0.04399280251452446,0.0270020602718216,0.0636567806448174,0.1553186745839868,0.0791375543182343,0.16078379565962977,0.0951713061446137,0.5169467754518873,0.4510713405167722,0.31454650498077297,0.5953797648711957,0.0997133311013409,0.0496435068246603,0.10357491135556807,0.05926734451320752,-0.0161559118800336,0.0011030536944100229,-0.015330623177648632,0.0011706233623082743,1.092595713916717,0.04851200751571486,1.056384544935493,0.05148384690278402,0.7433709323103226,0.943533044141831,0.8895091100694053,2.844261793526374,8.757338106933243,21.569058634174176,21.223171275976018,152.64381753745175
254,Asia and Pacific_KOSPI,10_global_lstm_linear,0.3267484808873095,0.39267275086604636,0.18189248433073862,0.4851649280789652,0.10249310647774705,0.1835513348228027,0.10927686531799076,0.27575836209196486,-0.3762771869356431,0.18686708376191158,-0.39563071460298466,0.22858841629922066,0.0312166613203843,0.06181158981467144,0.02737584261457959,0.08045885929353534,0.1625473178078418,0.08507920267871873,0.17327423970112332,0.10558934189879951,0.5044213963199793,0.5968476755594762,0.33293777141666775,0.7517304696518602,0.106802732730375,0.053057442510627356,0.11215872568246797,0.06478923175223494,-0.017411013325176,0.0012130654197747997,-0.0165049078885878,0.0012873763472190573,1.070974127288112,0.043583191017762576,1.0384197326276865,0.046253045400699404,0.7555403904979524,1.169117796335543,0.7947565819860126,3.1601936066263114,10.786963758809481,25.13901660696935,25.068024296377594,175.6272829039934
255,Asia and Pacific_KOSPI,10_global_lstm_lstm,0.32804561833548185,0.2910294675827754,0.1920611296868117,0.379980557778514,0.09786358673769975,0.13252632453867677,0.07650271482400872,0.22531260926225188,-0.3319091223300606,0.16331199779306993,-0.3400844738237074,0.19542783014315604,0.0297531230840386,0.04214765119755368,0.02576656269789775,0.059960720570473455,0.146040334375817,0.07577992316505054,0.1527424492606242,0.09291492966513862,0.5113379189916347,0.4425290400710752,0.32200115773950194,0.5944084549052043,0.0949351900845878,0.04768729327526245,0.09853393526464417,0.058732114000734865,-0.0153695214464929,0.0010185142712847335,-0.0146130777527566,0.0010809213587074232,1.0973153729014449,0.041605189693464384,1.066153359133354,0.04415376549708942,0.7569722680838229,0.9341421867050425,0.9294349269596686,2.8570131788214934,8.701500702812204,22.261397344959,21.579673994394522,155.94233739364805
256,Asia and Pacific_KOSPI,10_no_transfer_linear,0.49453785657603616,0.3296136301945651,0.4272585153128523,0.4180066089286721,0.2156614846264047,0.24042347975496856,0.2736609950496563,0.47144764521088595,-0.0465590847600179,0.026400720954729104,-0.05253105105470219,0.03419788961543874,0.0089957107684675,0.007938644984616963,0.009714518116761113,0.010112198452121334,0.0204829662877541,0.007433802027905581,0.02128075519039775,0.009043641362415693,0.7679832521471988,0.5608394544149915,0.72390404761466,0.8618297575319102,0.0133046688540441,0.004726572342497742,0.013788427264283646,0.005818739700328941,-0.0015960912516951,0.00014717126595182236,-0.0014857128022312332,0.00015618637150466657,1.1404582144177462,0.04144272324649172,1.1093761719828774,0.043981333769735724,0.9088320973801919,1.8990339338301632,1.1364530327068023,3.924219052557986,41.01216133953898,56.19004356574823,71.23437663229488,212.722952670196
257,Asia and Pacific_KOSPI,10_no_transfer_lstm,0.25135535630247063,0.35842368296543303,0.11647857787836675,0.4240889286738759,0.08788638690471635,0.14165298195116663,0.08574942083497014,0.2147874037948374,-0.0955840732562162,0.08989383301695648,-0.12715505238286945,0.11706006787215512,0.0042885819876123,0.014067817815319008,0.0065408137803117045,0.018824233792471116,0.0312540382633291,0.02560309026482439,0.03946483961617182,0.03163297225372064,0.37503535480884365,0.5289948301839978,0.21341107453019414,0.6271495765466568,0.0210002656430717,0.016132061925249797,0.025926800380068626,0.01971009443450531,-0.0041808900767092,0.0002965959365148444,-0.003958443124323067,0.0003147641819052276,1.0345119199269326,0.0355506315225614,1.0078489462850115,0.03772831677636007,0.5750262175713333,1.2770836291525531,0.6045720379651838,3.56371991590599,9.022571741049742,34.391128902842695,29.243520424907004,195.15961716950304
258,Asia and Pacific_KOSPI,500_global_linear_linear,3.379294334929328,1.5293327355015338,2.5695201248313144,1.7080155078039474,7.291478146259959,6.278600016298913,8.31371745854414,8.75601165307727,-0.3717524489729057,0.10885906868133743,-0.4041702499484242,0.14749506157512363,2.580555874984341,2.317240306162292,2.968649233175863,3.1610656542688016,0.4284229954469805,0.08712540287622247,0.42339673839326597,0.1139478996916305,6.409474052320332,3.047898008008007,5.084271795101052,3.5020203253965385,0.2317226277612296,0.04608506825283753,0.23716668256475404,0.07169544798040323,-0.0296296296296296,0.0015758781424921357,-0.030811538236498705,0.001672409946449283,1.7788006694862324,0.3302060685642539,1.5311461180630421,0.3504331322036398,0.9107609664462617,0.8618781791858232,0.8628123315366352,1.9869847448296725,8.720805452208435,13.397330739657928,16.250342634969876,61.72938005832271
259,Asia and Pacific_KOSPI,500_global_linear_lstm,3.0333388683484652,1.5996298742815849,2.374624354971712,1.8315242024081313,3.080530580649151,3.2101261185320222,3.9480752263346317,4.4384448504477145,-0.1885556258520798,0.0703131609389487,-0.21418905903986174,0.09720043169380647,0.5947077229284736,0.5448267528014056,0.6752390443223097,0.7328351087548485,0.1760160119991008,0.03697573440289597,0.17485281573863032,0.04755007755906136,5.971719096126412,3.4509489636984143,5.070037407791436,4.09995260842239,0.0904809639263603,0.018518295742212993,0.09448922671137375,0.02841048142979324,-0.010344361226075,0.0017437315785084877,-0.011634753450720665,0.0018506000288519007,2.169636839987923,0.5272566718152707,1.7899143166690166,0.5597016008604612,1.487148884090232,0.9100383053439381,1.265173394138781,1.6646727294685186,14.94546631330704,11.507271072506795,20.527142718036533,30.761625687110467
260,Asia and Pacific_KOSPI,500_global_lstm_linear,2.1761016722065367,1.1906074580027,1.7109367906725133,1.3791140296983684,1.597171519569474,1.446053633105951,1.8681566306947437,1.9048381365130722,-0.1273186663618153,0.045267877587186194,-0.1420212938855066,0.062289454602098025,0.2193205911974187,0.18146373032785326,0.2288747829627031,0.22337596278838528,0.1021721205670924,0.023927445359356096,0.10194001807839512,0.030090161660198022,3.9616397206786385,2.4379830617087763,3.514443268535532,2.9446469007147678,0.0562831990667254,0.01085477127337645,0.05699439083354747,0.01647571553555902,-0.0060938272506552,0.0004749604865227775,-0.006434912985146933,0.0005042062332920188,2.002562320999175,0.46273498535483315,1.6649922409791313,0.4911413060710553,1.4101193353367196,1.3300577623212215,1.1791421347936466,2.238513964955188,21.930398721276397,16.063293140613432,30.001157928546736,49.80703335721728
261,Asia and Pacific_KOSPI,500_global_lstm_lstm,0.3414579779725106,0.26341817395531925,0.22416253492888022,0.3635960880968858,0.1060302512638648,0.1317352275574909,0.07710930466889274,0.22440872213405041,-0.455531540770892,0.13456373956052192,-0.44500391363957736,0.16266601163794114,0.0495264807357038,0.0535618758130348,0.03896632212209624,0.07461577092928778,0.2191843059910338,0.05886867876248434,0.21477674602253172,0.07297075070349078,0.5319548542724097,0.40532991448880706,0.3679576330693746,0.572293600575791,0.1408708206389136,0.03765203250146622,0.13834701979666295,0.047144668050901076,-0.0203847406126153,0.0014074744172926435,-0.01933186271945927,0.0014936921652273566,1.1264483095175204,0.03956599565315192,1.097363865026041,0.04199241245772269,0.8127312828242563,0.8480057247426945,1.0768897718955062,2.6798785626083794,8.464772672183493,20.2709114191952,20.07204791048584,146.60797840049557
262,Asia and Pacific_KOSPI,500_no_transfer_linear,3.447079258706929,1.561360714418184,2.394498679986718,1.7013450445075375,2.455549930600476,1.6227828773054795,2.355880895996025,1.9366140799639124,-0.0096646721086658,0.004888186181074239,-0.011633139841049432,0.006965973911420573,0.0281484082900145,0.013034806431949772,0.019858724969447128,0.01424073494489262,0.0081112173119306,0.0010996570393471388,0.008024083967705105,0.002169539722081791,7.553360990203613,3.4962504168637323,5.473241159410492,3.8190057897198795,0.003677189739204,0.0009582144122262933,0.0041476885202658695,0.001662361584618296,-0.0004373616217041,4.946159073435561e-05,-0.0004744578147548668,5.2491404050140814e-05,2.3768230471120986,0.6072369909091596,1.9213953039302283,0.6444338277592938,1.852674303070697,1.401673252817477,1.5396630298334255,2.7217428649269375,16.280405495489127,22.357428414078576,30.092952269786224,51.43232076247154
263,Asia and Pacific_KOSPI,500_no_transfer_lstm,3.5368009516440475,1.9297622722352927,2.6938618478819656,2.190414822328075,3.3440101697479028,3.437968547317053,4.159962608426337,4.4863747833695315,-0.1653528562647559,0.08374815416072741,-0.20033509440307268,0.11174203265209282,0.5501147668678177,0.4758612929818023,0.5784832203784259,0.6248579607702964,0.1449099031289778,0.031863639558726696,0.1487538075113229,0.04400638934541187,7.184796932907662,4.553592222839143,6.356412964645951,5.497979942737208,0.0664071204593863,0.026419011284218936,0.08010379279862022,0.0373428596721053,-0.0069427035576853,0.003234548756998356,-0.009368615125434068,0.0034326838907255282,2.66199389502492,0.7510226140093325,2.098726934517921,0.7970271658767033,1.5884549598421347,1.1363013526420533,1.1088707643987417,1.920307732821284,15.524140018611988,11.478678567492539,21.04432258719744,29.2895055316497
936,Europe_UKX,1000_global_linear_linear,2.47650367681881,1.238185475078657,1.6695116077986036,1.3555736335920114,3.0134310666471853,1.912651740278422,2.586540287120655,2.2433975840039295,-0.328745681357556,0.10129262284580261,-0.35452431922391314,0.1356801937147352,0.8336710337983315,0.5978043831038939,0.7688022987127453,0.7226865294292597,0.289230641383027,0.061744579483591154,0.29497005894175965,0.08310823565038837,4.397794044837327,2.168601587747374,3.0773504633266167,2.39803489258944,0.1718626445488778,0.03397516746648109,0.1761443798191051,0.048063032058093785,-0.0239091781769593,0.0013596341126656903,-0.024928903761458572,0.0014459400630288935,1.4574569302908562,0.21206819299014906,1.2984057855482443,0.22552971676873243,0.7442054842277288,1.3214848641589612,1.296433374478754,4.265415031511558,7.941783267081202,52.44903682276811,37.80083268632969,223.38064151324252
937,Europe_UKX,1000_global_linear_lstm,3.1880324213968034,1.5118197141719558,2.370345488932567,1.6846539023205045,3.34496213699647,2.4296458489611275,3.3763352799120145,2.9106599867033376,-0.1141685776973989,0.03882198203054323,-0.12673883664611257,0.05593261442404907,0.4179446007056435,0.2476174194533108,0.348263364526662,0.2815671123289908,0.1139460855198511,0.01906822872176825,0.10927431372503894,0.026394554282065823,6.298398750038559,3.3607348070000347,5.1441783505788905,3.8011160673203226,0.0565360904149629,0.00874598385912793,0.058220896346660216,0.015162248739002772,-0.0070373693289485,0.000978066246670111,-0.007682540548712833,0.0010426646457864597,2.0734162976960744,0.4853712520098628,1.7234290744147511,0.5163093038867903,1.5953761390038137,1.2520741305789433,1.367686500251566,1.9879754999903358,13.80186497663238,34.19796108716164,33.90921127316444,121.96441869684769
938,Europe_UKX,1000_global_lstm_linear,2.140072071959797,1.2646400383384713,1.4181503498403312,1.4161099227004967,1.4412403768797948,1.1419114720864312,1.3943720972115436,1.3505093776567814,-0.1016980417433791,0.03967117655966276,-0.11306450006135771,0.052562945206861715,0.1480456142728126,0.10594441906583954,0.1149910527696249,0.12190728733906947,0.0716237916473549,0.01190724988531568,0.07074347891122572,0.017950405918650783,4.027897370148971,2.4196063115992317,3.0032847134758454,2.7458419475986573,0.0381385030804346,0.008680560175382202,0.04093099647806552,0.013223687672373108,-0.0043113501943761,0.0008079477385234228,-0.004896941600964868,0.0008593959110060014,1.7754090955472526,0.40448946598974855,1.4790258997190218,0.4302033742539556,2.104758098161734,1.9755590427913519,1.7220085090461987,4.072893247375814,25.12969057340901,38.2212695145169,46.72578058351433,140.27224439109952
939,Europe_UKX,1000_global_lstm_lstm,0.2727928520969581,0.2347643482740164,0.2523528823762056,0.3322188367915181,0.082200389468247,0.14388765846417545,0.12159080320423642,0.23100125230753157,-0.2181225698346862,0.13378251525294665,-0.24038588871783265,0.15793219511634546,0.0175465582821239,0.029152580227346864,0.023152977545346308,0.04209869798962113,0.0930211554117804,0.04586020331571462,0.09475701307209738,0.05788555582822894,0.387877296590531,0.3430898431223107,0.37659650342457834,0.4786921969300463,0.0638838811644402,0.03182799098636872,0.06554853924324504,0.04016289077946421,-0.0099897941507828,9.691093300326649e-05,-0.0099184961726236,0.00010306881967117383,1.056272674697435,0.04046928913293983,1.0260208120372816,0.043038249790712156,0.1105144203988916,1.0232439759332554,0.5578851193252653,3.968376519227235,8.032020909360087,52.00509804272795,37.61504301739364,224.3710866356266
940,Europe_UKX,1000_no_transfer_linear,1.7494520409707042,0.8847663563586223,1.223921758221137,1.0094136934942144,1.1245804943705515,0.6620498534198522,0.995656256918611,0.7874955900838048,-0.0060735728046451,0.002203601169484952,-0.006753069980158392,0.0029886392908460976,0.0082009494880124,0.004298871714807556,0.0060036017806809555,0.004872363319336256,0.0046238895086379,0.0008192679949065679,0.004291857176646222,0.0010745645103835075,3.5646631344082667,1.7681100423852685,2.618980568800009,2.0211821578868268,0.0023298656336939,0.0003325099174960949,0.002325678793891193,0.0005269233918934802,-0.0002637414813397,4.470129895600007e-06,-0.0002670940787614,4.753881829515759e-06,1.620623869114122,0.2874832564297854,1.405011426791783,0.305731927471906,2.887605249285736,1.961056639464593,2.323813250333321,3.1843221840085283,36.503634539245766,19.206310482074418,42.7946777877349,51.03324323707863
941,Europe_UKX,1000_no_transfer_lstm,3.4460016879264006,1.6329717861222102,2.551962177556603,1.806332852180851,2.3768349893934477,1.7512177465805672,2.4678073947442796,2.101947673224863,-0.0494138591368725,0.020749613889662163,-0.05572950042814615,0.02656727927071908,0.130471806147143,0.07187733966858184,0.1064250672106878,0.0822490160949437,0.0392504747734039,0.006666463544429069,0.04011490992345113,0.010923841942517054,7.557768130691646,3.9108179521892286,6.005022948605367,4.429302015995092,0.0172920311184453,0.007081565305197189,0.021040266405552916,0.009542982374337055,-0.0019346315566561,0.0007982081174615108,-0.0025332876447522325,0.000848876241718908,2.4306345278818062,0.6100892411975669,1.973067596983631,0.6488160804827985,2.1032368364234384,1.4678124322375254,1.961824409388749,3.2625403933900854,18.849851329040906,35.768111240636976,39.01563608199619,117.58319123182798
942,Europe_UKX,100_global_linear_linear,1.814174548707305,0.8998890626974404,1.2526788294078977,1.007172248757443,1.5030751863880387,0.9072254553221685,1.2845368997021298,1.080557921640367,-0.297576499826287,0.08942658981678958,-0.3212496195949047,0.12471649134723364,0.4799654534353963,0.28539368375440366,0.374547799980418,0.3316111403902548,0.2363452671259465,0.04129565807835471,0.23543007790578738,0.0575916680758394,3.124023694469721,1.530545908725431,2.2298425514622617,1.7167151707743946,0.1452582214629616,0.021368044172694126,0.14389856258533967,0.03463284095146436,-0.0190736555965254,0.0004945624737642216,-0.019444577451848567,0.000525955981704761,1.39808304369213,0.1822267006819715,1.2614130181806515,0.1937939660494712,0.8821977905165208,1.4141132362237536,1.2546073354504765,4.797527548637513,11.610123455326544,61.86306199353797,45.759469233575516,263.291719441104
943,Europe_UKX,100_global_linear_lstm,0.8524426845728299,0.49253756697013107,0.6306583701188854,0.5860238813158024,0.3725049228947322,0.31862123277031634,0.38385357700294487,0.3889806526526315,-0.1415560395387409,0.04972404957131533,-0.1510665507271747,0.06720587541436625,0.0558695705089704,0.047977940329731406,0.052280432590941665,0.05702362052847078,0.0812409449949108,0.020155131646948474,0.07791854585337421,0.02595073403771361,1.4165092238314505,0.8538783639433795,1.1245497426924058,0.9941222969738263,0.04871982306127,0.0123824496230623,0.04885222315957028,0.017419272053962185,-0.0046251681943746,0.0006092984172648224,-0.0050677558015248675,0.0006480820811310702,1.2876976286422102,0.13438598683646474,1.1966542050999616,0.14313899790433035,2.0839562677989107,2.495181581328886,1.923222198216549,4.159853712741497,44.93147947020132,63.51359427912133,79.76115032656746,170.9148740444678
944,Europe_UKX,100_global_lstm_linear,1.2414187902728306,0.7236986391213955,0.9974553381571261,0.8462801238511208,0.6659544423194312,0.5823397334680422,0.714770203887989,0.6937197272746025,-0.3194548925898148,0.08023519499419814,-0.3184097269442924,0.10650232885487433,0.2034876696952989,0.19778068629909593,0.2247786265569302,0.22938989757382208,0.1930484517550804,0.041436688233082206,0.18769095919334108,0.05378328081415861,1.9043050251365443,1.1748793407556377,1.6438652431126646,1.3690877121099871,0.1237710876284825,0.024513285524169946,0.1212681560023548,0.03403900014676128,-0.0161542834667584,0.0008127210309432216,-0.016760232267535567,0.0008643153986666049,1.2730826771656285,0.14100683564126448,1.1695361818836671,0.1499684742820759,0.4798211805318467,1.3917293351892945,0.9335616133741493,5.6148114893553265,9.952542269084685,80.40019720078178,54.256080758208455,354.6005078344501
945,Europe_UKX,100_global_lstm_lstm,0.2645785105030308,0.22998187364815845,0.25712950124961753,0.32416337473550544,0.0818435755907718,0.14450819719244773,0.12180514259363275,0.23108872917987294,-0.2436641734378717,0.14475276691982858,-0.2729856556169476,0.17083200907259358,0.0192531961493411,0.03230318113066227,0.02507794784213064,0.04701570065595737,0.1079900161206273,0.04994804132183939,0.10859607667794281,0.06288976890634662,0.3919482007618792,0.33689522614297307,0.3830338715785041,0.4679101389359657,0.0756362884355221,0.03460220912126105,0.07523372241733284,0.04372137303363725,-0.0113036292806785,0.00015363317979833328,-0.0111920698655353,0.00016341295912709381,1.0561189272006175,0.04092295936695087,1.0256156070046276,0.04352091453320537,0.1025941487150642,1.0081633144595672,0.5548106851976714,3.9212550364472953,7.926754993359834,51.181208591417295,37.05854792307674,220.36054453120784
946,Europe_UKX,100_no_transfer_linear,0.7021729873480315,0.38734741595297556,0.5041268850986228,0.5005571085796755,0.2933504009063509,0.21190910316832795,0.2840316794305457,0.2865423771566922,-0.0257216270076608,0.0163981693824687,-0.03231104328750894,0.02363534349500364,0.0083801045700697,0.007181975939642086,0.008509152557252866,0.00940119557953201,0.0134123535641651,0.005543704038500834,0.014594459027700282,0.00700986049952478,1.1810220871350776,0.641365519156646,0.9001573244859709,0.8262970231890296,0.0083818911953759,0.0033365733768098535,0.008923206530015184,0.004354840697975199,-0.0010972963454921,1.005331915728888e-05,-0.0010897563561241333,1.0691477067635287e-05,1.1703149178228665,0.08805440452749329,1.1042741144272463,0.09364386348238198,2.3369671682868445,2.9490725405354614,3.3781149796224326,4.961744661965231,57.0839894904696,87.03624152000738,101.12005359990471,229.0485268745984
947,Europe_UKX,100_no_transfer_lstm,0.4013222893994137,0.2670810599683445,0.34597179436678216,0.3671616310867771,0.1458136509054899,0.15780156911241539,0.1772375998206588,0.2725304728138082,-0.0763701874366468,0.03985291823097256,-0.08556530081716017,0.050748861772542536,0.0112319655944892,0.013614428126197039,0.012648995955940387,0.02045340563585543,0.0336578746540141,0.013431641369000564,0.034984434441756286,0.01788673421867552,0.6213241032655724,0.40935487859251296,0.5445325724630486,0.5752358688626751,0.0228738664108613,0.009136341321044749,0.02356232592421363,0.01224971292719557,-0.0033628356749367,1.6984626853866827e-05,-0.0033500972047962995,1.8062765706468226e-05,1.0877419368076524,0.05303776285823509,1.0479636146639761,0.05640445871116847,0.4340300260895037,1.6522910468777774,1.2692972790403065,4.019063888019588,14.011607703025245,64.88896369862296,54.12293012487717,208.61150441000274
948,Europe_UKX,10_global_linear_linear,0.6053972713619744,0.4451826631036333,0.4925546376463176,0.5800181345137968,0.2467499623874632,0.2816689766401661,0.2819933518454522,0.370246915310498,-0.3263733542073594,0.13686425353247578,-0.353076244863277,0.16707821281530696,0.0809719339483401,0.10029122836419838,0.09699765697425232,0.13511078748875716,0.1694303046786922,0.05645517190248056,0.17556472606057721,0.07294766809691006,0.9132315677830924,0.7018934659174463,0.8209045347877945,0.896968484620005,0.1092672170879015,0.03600990000297331,0.11363092830644321,0.04606245828427052,-0.0149059640494376,3.2497335523289095e-05,-0.014881591047795134,3.456017978446352e-05,1.180772243221735,0.08532486971909116,1.1167785909324166,0.09074106507791818,0.6694579608699129,1.9753448862137992,1.6878050962314044,4.623511743425217,20.18420604761973,76.29315762231937,66.50412492685896,257.4365662485479
949,Europe_UKX,10_global_linear_lstm,0.2595237917506211,0.26637343916942746,0.20863581168142384,0.36219123092106964,0.0720458492337081,0.1460330167277395,0.10215571257182397,0.23399319174493485,-0.2668586221110051,0.167117347747609,-0.29812601349546364,0.20622280831561543,0.0190451315982598,0.035350463513651204,0.024499359795738227,0.04808680251439772,0.1148220831611607,0.06605901939184827,0.12088597165632983,0.07746553854715642,0.3754216898170551,0.3842589515214347,0.31473028408711906,0.5140351986857196,0.0799797367936897,0.045669970016442095,0.0839475538406041,0.053647199186749886,-0.0128925779018842,0.00017913635467651083,-0.012765358349954967,0.00019059692331096158,1.0577973720000624,0.03871791852228879,1.029002212269955,0.04117611048599069,0.0643238166673495,1.0707010886396902,0.5523475218151642,4.09422054964168,8.029662751653953,54.79498255133313,39.10625223772904,234.0202298021747
950,Europe_UKX,10_global_lstm_linear,0.2043114360409325,0.3002456354843898,0.12952390484809087,0.38705588822152875,0.0447169975053552,0.14027677971574962,0.07026658743185071,0.2214389017590811,-0.2380068142267439,0.20345000985609257,-0.295254423994791,0.23660728600857414,0.004636282796248,0.03363671213025386,0.011729458490839268,0.05053061155046909,0.0893941136536936,0.07181713394214224,0.1073676362800967,0.08619932369403593,0.2921291406293295,0.42983810762731256,0.2025670306838193,0.5504649695803339,0.062445190948032,0.05014379871301989,0.07495322760420575,0.060112427642215575,-0.012075826832428,0.00037454840223437715,-0.011800089686401368,0.0003983462590483753,1.0308971464951766,0.018693812635473865,1.0180653942838505,0.019904245855141396,0.0308581488645442,1.0169349103263787,0.40567097291145804,3.6175284917727057,10.04909486237126,45.74289575130167,37.92538178729128,186.12884525079457
951,Europe_UKX,10_global_lstm_lstm,0.2576655807775571,0.2432520684223405,0.23180907427973127,0.3392895284428384,0.0745803337706554,0.1364213794551674,0.10394077882246361,0.2168843660025393,-0.2649053253024258,0.1455077227331454,-0.2785573336895396,0.18363080636650386,0.0146566091081576,0.031409879693441514,0.021658622935767386,0.042548058153721466,0.1095541669596549,0.05209641976098297,0.10860875200715937,0.06513143429775387,0.378588219607775,0.35519224121731935,0.34718649183275707,0.48881854033005484,0.0768925313502741,0.03616945251819525,0.07550781097077952,0.04513891954658704,-0.0115268552846127,0.0003631756629335782,-0.011259370036704165,0.0003862498878704451,1.0464307724191355,0.023605107291880884,1.029425746824235,0.025110014444581566,0.1022489926537947,1.0275539460764067,0.5540489885081401,4.024382676689894,8.311287014632315,53.27981239675905,38.41140105336683,230.0358821333262
952,Europe_UKX,10_no_transfer_linear,-0.0494900567718496,0.32724140505887755,-0.01661310458312679,0.4059298294505448,-0.0112100101683529,0.13569759026701714,0.04367522974469744,0.2070505598289795,-0.0642787572640538,0.0697534100175758,-0.09557201760473019,0.09398649661515124,-0.0007168363523927,0.005896128720989256,-0.000784235004175673,0.00786687075573644,0.0178831716164871,0.008339153084839158,0.01926222995621622,0.010133537255563919,-0.0750369817290249,0.4713047937712604,-0.001250027944409582,0.5800932194577562,0.0124758564763419,0.00594205746038532,0.013531761552248826,0.007260487593756453,-0.0019773279340939,0.00011921325875684439,-0.0018879179900262667,0.00012678059874710986,0.999365814607072,0.0019548279873768206,0.9978996936165395,0.002078915258853466,0.135481309800038,1.337748622823472,0.5801256625216415,4.163042624225359,12.720845489204937,63.54095687722769,51.63502738955472,221.81327800031218
953,Europe_UKX,10_no_transfer_lstm,0.191759760811057,0.30238301132356954,0.13491352056649866,0.39208100146674507,0.0484848836362755,0.14234229605810672,0.0924534434701626,0.22175893814933953,-0.0572765667728754,0.04947276036382343,-0.07672346626210044,0.06634850525175644,0.002212467643303,0.007916105393037214,0.004041489367954913,0.01124690834004375,0.0205213076377028,0.01426334389676256,0.023369049475928497,0.017875926577889747,0.2686373170682909,0.4336822340724143,0.20884554601123367,0.5563248756325243,0.0139332386854489,0.009898784017295879,0.016258161179477905,0.012495688073613532,-0.0024952503587468,2.7246814357244412e-05,-0.002474815247978867,2.8976369526216655e-05,1.0382266651927523,0.029100234708090866,1.0164014891616844,0.030947440062000505,0.1194544813822056,0.9986147340193218,0.5835240519212732,3.7614054902916974,8.125413815722238,49.19514076649971,36.479701137829224,209.7936247733041
954,Europe_UKX,500_global_linear_linear,2.440484551335669,1.204217330086693,1.633687981839678,1.3225378433433526,2.6012517854590347,1.58343123927126,2.2245437942056974,1.827212825370615,-0.3469856782703424,0.10698885842499126,-0.37293793016804,0.14476355117435386,0.8203098807368123,0.5514598146961259,0.721642832019918,0.6544341306739087,0.2868460374087664,0.0606934561236974,0.29132145517028846,0.08167514480857367,4.265718308796989,2.120404391550574,2.9558058448928337,2.3180275634639105,0.1731053705431459,0.03370430573619726,0.17556694027349076,0.047172330891088854,-0.0236364509007241,0.001284563549834089,-0.024599873563099665,0.0013661042209143417,1.451729180252881,0.2068811099531625,1.2965683477880092,0.22001337152292844,0.7624259437329586,1.1516882192810023,0.4046780562111622,3.548959597152409,8.166384164487079,53.09007514178446,37.94500245321791,223.8655863237271
955,Europe_UKX,500_global_linear_lstm,3.068052569401703,1.483661324467499,2.2290105250558914,1.6367549840587352,2.788014358283061,1.7971970509575441,2.525057074294912,2.1188837070550846,-0.1096033272812358,0.040647186315904464,-0.1227304492261862,0.056411337640010134,0.3371920151670233,0.18883852836535472,0.2615136785680915,0.212282973315478,0.0989924276077287,0.014623217800717285,0.0945714453179034,0.021564240989353646,6.04560704909407,3.1468183870120967,4.721223709615887,3.503355459518295,0.0490852518341358,0.008708365181282145,0.051439198923382404,0.01489987317269896,-0.0059024361696743,0.0009561111266445112,-0.006617322176031934,0.0010168041044048455,2.003504437966205,0.45505694892060494,1.671796391997599,0.48400635976448914,1.658926988267465,1.386479736683861,1.7099128189295183,3.892620987261591,14.95570884366406,41.20957916029957,38.25775660885206,165.2953760742682
956,Europe_UKX,500_global_lstm_linear,2.116762919704426,1.2234305369751661,1.5145395715907206,1.3820938565074556,1.3518173308647727,1.2181178175694278,1.4609226919397833,1.4489073242346258,-0.1682546994421447,0.06123473350058001,-0.18552134562018704,0.08272312704117737,0.2404497808222168,0.18738173383708828,0.21672197127010406,0.22031446322616552,0.1150740222632911,0.02095427797295264,0.11494997167619898,0.029943276525381247,3.4822129508906863,2.1510403183084077,2.776181189275948,2.4654118324704846,0.0696757960786373,0.011519733551369784,0.07026598027777181,0.019274148020117683,-0.0091375746578197,0.000832999548559266,-0.009750598692283499,0.0008859281480248359,1.4816123991594088,0.2393144279485549,1.3044910426733844,0.25451283125415736,0.8217118397922492,1.0346484843699908,0.8975084511004782,2.8367442084616696,10.197476660993969,32.46879091005279,29.067017951484797,128.3451499750417
957,Europe_UKX,500_global_lstm_lstm,0.2706384765069926,0.237793650869357,0.2507502518065145,0.335765988656537,0.0817580798039356,0.14515274556570157,0.12029267180930472,0.22981093619722054,-0.2279929193706136,0.13745763909620862,-0.24682974024283055,0.16607576357425557,0.0172378493946829,0.0308764076819662,0.02366454942172566,0.04428393301719586,0.0978324521773823,0.05211710698278668,0.09857214755674809,0.06313080495065813,0.3918768353157667,0.34583664935004604,0.3758953430147449,0.47915925545104404,0.0681464066352826,0.03618755231710448,0.06821123338691674,0.04376144627681802,-0.0104958552061396,0.00012474071094673253,-0.010404697086385003,0.00013267343692504558,1.0592133286499266,0.03885155572646749,1.030547651356494,0.04131956338068018,0.1032119024460594,1.1048970398569313,0.3168884346634778,4.410500665262987,8.016371941467902,68.33400857046861,46.72970910616823,236.41750070453813
958,Europe_UKX,500_no_transfer_linear,1.732525869328175,0.8781524201864337,1.2164933579399753,1.004818959958455,1.0923022937258662,0.6715706359649966,0.9919718146753641,0.7989076639627415,-0.00586102568652,0.0022812351517367763,-0.006838719425494848,0.0030036563733017046,0.0080676627643414,0.0042890306058477904,0.005993889115280677,0.004868643685903323,0.004656049883296,0.000825992683454068,0.004308982410260863,0.0010785146437347671,3.4851797301302807,1.7361061914139495,2.579147635544794,1.9831185840596999,0.0023369025897157,0.00031330773757345427,0.002333497536932026,0.0005132096393010257,-0.0002641824403326,3.87687833382222e-06,-0.00026709009908296665,4.122972239473819e-06,1.6137464927684049,0.2814189051909796,1.40268231387517,0.2992826273765469,3.0346404762266395,2.0044264220086343,2.382874956792697,3.335443200954968,36.79386807423712,22.107154527342203,45.38014181485776,61.769454236997994
959,Europe_UKX,500_no_transfer_lstm,2.214364501345316,0.852752493757875,1.8130656183247018,0.9631363334745934,1.6692770539271689,0.8987269803387755,1.6102501260234496,1.0898921733718847,-0.0276621685866743,0.00970218714954828,-0.029213860268725272,0.01345086264029184,0.0462750454131761,0.021763928378936963,0.041041077460852,0.024817304491221402,0.0218769731883605,0.0032564411310143345,0.021446041788125585,0.00516870096742638,4.456306671297547,1.973789722636041,3.7355850781575293,2.238002757355483,0.0110389417789071,0.0021618067334744184,0.011598878288989452,0.003618134265096317,-0.0012659435100902,0.00016274202611155555,-0.0013880000296738666,0.00017307245625945296,1.806012659369503,0.3137002232846663,1.570737491906003,0.33361307752061314,2.615456265789312,1.6615994415613333,2.2513416813161053,2.9460469345778275,27.826405182497904,33.41065069306698,45.14614872769409,108.2518805067396
1296,MEA_SASEIDX,1000_global_linear_linear,2.3654170212299985,1.088696314812022,1.6534273625194673,1.228410444967248,3.1062597502685723,1.6413505609118257,2.489588676037527,1.8769781822906269,-0.2504842814391097,0.08449552362496243,-0.2654922104705608,0.11819576698290434,0.6174720520182901,0.4097619628583418,0.5467019431486417,0.47595531637751953,0.2357504294225678,0.05768834203454256,0.23519322218838248,0.07469213213875206,4.590241891516223,2.172338646603633,3.376306275175938,2.445108988300963,0.1396977956548912,0.0321247901667053,0.13079432938896157,0.042555890465455375,-0.0145067469808097,0.0024884765910175113,-0.016373104424072835,0.002645645750939214,1.8770904070985728,0.3874704519467462,1.5864875681385133,0.4119426152159421,1.5825582051794618,1.01214580979939,1.5741474389419576,1.7612384889330845,12.096008106189128,17.402235889128757,21.93330781236363,49.92307920456018
1297,MEA_SASEIDX,1000_global_linear_lstm,3.5055629787814153,1.262835436989858,2.745489285657618,1.3940232091595088,4.809177419650108,2.8154467675196244,4.64437023687151,3.348182524133814,-0.1416854645521044,0.04157856612913294,-0.14766798560847058,0.05505012387962342,0.7471285838199291,0.36223216083937276,0.6005236455873739,0.40468426564800664,0.1656059790376797,0.025610028277498725,0.15607254469407372,0.03878698962414354,8.81461441844167,3.7062640167795364,6.95994118402247,4.131847941661517,0.067104309447575,0.015048037910646338,0.07147402984453473,0.022905246913601608,-0.0070639139198397,0.002033950772526867,-0.008484695310913799,0.002164109138190736,2.928110090246685,0.786512245970496,2.3923441878529834,0.8373596067291265,2.702080186774201,1.220855725412466,2.445785787105262,1.885409467647372,19.27205397788778,15.695077631189108,26.77815006648452,40.71584553965841
1298,MEA_SASEIDX,1000_global_lstm_linear,2.120077058862784,0.6928034102489854,1.7765225967290097,0.8269765009097371,2.0030354226204645,1.0627417907414978,2.0161229388440463,1.2879034374564617,-0.1032902245850873,0.04139296090211569,-0.11832162021345545,0.05820290030518052,0.234658531847373,0.11292373134132921,0.20981086246402111,0.13198365793927494,0.107675705809135,0.021068185510137987,0.1013181101313216,0.030008537281750475,4.519712009464282,1.6963608277026627,3.810406791132839,1.9924755428122933,0.0512215245706737,0.010359832215027292,0.05179599721997729,0.01794743564284029,-0.0051647485884736,0.0004136625830286222,-0.0054580594146407665,0.0004400073818677542,2.022072041925028,0.36268850830950994,1.7669363039783244,0.3858428909377825,3.126401608627585,1.7948914536141787,2.800102007613078,2.4375008130518916,36.738309823290294,21.716818183119738,45.92363292075247,33.32733386317525
1299,MEA_SASEIDX,1000_global_lstm_lstm,0.35317303599499245,0.3059235356229697,0.20179072243570928,0.4051287395075641,0.08305147960791365,0.11848265739611252,0.049505561357652,0.17375677853983287,-0.3714586029086661,0.13486023205194328,-0.35610216684231083,0.15944986248693468,0.0353792843717244,0.03437787289161111,0.025040934957029422,0.0447620911503396,0.1199392743454815,0.03220194316926118,0.11801726697628753,0.04283583395615952,0.5203277485556979,0.44745279689782513,0.32140923744993566,0.5933130686525875,0.080621780808276,0.020436988430517583,0.0787147653119188,0.027299598989833654,-0.0099858191189933,0.00037034601835231107,-0.009709009455976766,0.0003937373905977536,1.152995293289323,0.051899638657635645,1.1143708801085352,0.05517810422942677,0.49774852674893294,0.9457649135390431,0.8062725676479158,1.851032965355596,19.855981259269107,27.268067086791966,32.221160853654716,62.56227455588895
1300,MEA_SASEIDX,1000_no_transfer_linear,1.7300774642855596,0.843700450367959,1.1897023652511793,0.9708062533537178,1.4648327338246716,0.7799955706577182,1.2127607942145484,0.9157921467232398,-0.0056191766376736,0.0019850096514839543,-0.006319987341524847,0.0030228197408306012,0.0086958226375446,0.004464499294969061,0.006195064504481387,0.004999524322345617,0.0050767098948752,0.0009800997599199882,0.004608648959774099,0.0013675055299436627,3.860101678333811,1.8798414225591038,2.8458303951122406,2.1687268434623665,0.0023027303906679,0.0003781737023530508,0.002322928484281033,0.0008322922474060194,-0.0002081752275165,1.8546614493511117e-05,-0.00022208518838663337,1.9717996145184556e-05,1.7792776218561153,0.34521517587638983,1.520366239948823,0.3670185472163347,4.065506884223939,2.2240704429722817,2.9852408354160485,2.8258592324894214,44.68564236236333,12.455775499692765,44.86514766341251,18.48765342546778
1301,MEA_SASEIDX,1000_no_transfer_lstm,4.258161379623663,1.8069596227923117,3.1237585580878515,1.9665005147247374,6.842060141515274,4.462613666036542,6.504973681089076,5.197789019872042,-0.0602085324063798,0.039079834667199144,-0.07842612075047718,0.05508850010468437,0.4347130635043568,0.22001084973231108,0.32809614017146366,0.23995181577494645,0.0895738447686724,0.012189546779579927,0.08546992332712454,0.020651826000818406,13.106487187420589,6.110328642492959,9.961141697861228,6.789690127134018,0.028920692992629,0.014507715662065126,0.03665353637956427,0.01856040379643746,-0.0029008824250454,0.0019197095173156887,-0.004340664563032167,0.0020409560394727797,4.157691352449541,1.374160978930581,3.1270706182516053,1.4609513178211682,2.8508261009244142,1.298992859849438,2.2558242791274363,1.7663365569787826,15.447445659390372,7.186828077607957,19.097115741800227,13.961022671008635
1302,MEA_SASEIDX,100_global_linear_linear,1.4358694204229,0.7315655366268673,1.0291239570503175,0.8708596602611145,1.0532184673062042,0.664044178052843,0.9641409865019431,0.8030939157335832,-0.3196673761001822,0.08527832559868478,-0.32303712070953616,0.1165096271010998,0.3290560335171779,0.21677102882845387,0.2818414860894233,0.2543528494731052,0.2300036547096445,0.050658961352952704,0.22461163905530163,0.06699264361387602,2.4578970245085965,1.2489614931748636,1.844934002499097,1.4722569998337958,0.1385776907167304,0.026031287974049338,0.13537134771582165,0.03742402152450083,-0.0156326944318797,0.0010069523842748005,-0.016387908720085803,0.0010705502742002636,1.5158284934277562,0.22848907558497347,1.3444616867390258,0.2429201681620962,1.139271843999771,0.8320472199599918,1.2136616458002383,1.76749340388814,14.39719170869784,19.06797541158538,24.21907114637752,65.28093929696456
1303,MEA_SASEIDX,100_global_linear_lstm,1.6337163902676752,0.34917117846766604,1.5072811714449945,0.45474235544372027,1.4629647041099658,0.5569433020860273,1.5275865527805117,0.76699071827479,-0.1798496347234997,0.05597344230109201,-0.18134561365405177,0.07342411332787453,0.2710742444790948,0.1106539320422571,0.2596302292744134,0.13667552689303392,0.1581248412653318,0.03148830438970329,0.15127303796270425,0.04267657264829218,2.997813593206099,0.772282030925816,2.7965791745671478,0.978268585429522,0.0874805290182676,0.014763594196096486,0.0833214302845305,0.02195046230838227,-0.0099121876074245,0.00035104090269273463,-0.010152800925420504,0.00037367300712227443,1.599407698166274,0.12577910271150536,1.5052143497874042,0.13372320789109943,2.0003696381730642,1.3820104662712371,2.1601158924939767,2.8065665944630958,22.02484870423534,45.35198706596148,46.6803369572841,106.01139175487391
1304,MEA_SASEIDX,100_global_lstm_linear,1.593072380417711,0.4100346816711278,1.4421202270773332,0.5160663306994507,1.439331909905674,0.5322936691536935,1.388268435390285,0.6806811910825894,-0.2847288305163135,0.06964745227722041,-0.2784302560619011,0.09330111007839412,0.4009100484636156,0.19097631470562024,0.38671404140522636,0.22921816558340177,0.2325166241079359,0.04727319505006431,0.2238280543864354,0.06394767601950546,2.8935281543821727,0.8404460387071385,2.6161924965586794,1.0404109313894783,0.132385150382942,0.02136257177325609,0.12632096411484195,0.0324941314894731,-0.0147486932483832,0.000543556685920132,-0.015121487542841797,0.0005785914332331526,1.6223637856425328,0.18386056990814922,1.4878557758295226,0.19549263880200163,1.912426748791014,1.245092433662584,2.0154279632117773,2.1925797689496442,24.386755887271413,29.661853667399644,37.84287453869787,75.00112730592146
1305,MEA_SASEIDX,100_global_lstm_lstm,0.35210890959205066,0.3092816064975698,0.1966380230479708,0.40818610824995694,0.08046224126879259,0.12655969579775217,0.040329487180895095,0.17947841487393695,-0.551984691455129,0.18399083262300311,-0.5244107802210014,0.21691846370603204,0.0512020361531604,0.05448266462911855,0.03242191789193455,0.07045986510166939,0.2058554811312212,0.05449608329793734,0.19841427157342786,0.07179175322764962,0.5231073489044444,0.4519224298619521,0.31401647355358403,0.596971135890255,0.1368413353071814,0.03442458751320581,0.13227023793844883,0.04578534619287743,-0.0168426548558853,0.0005686585163697567,-0.01642635566172773,0.000604631868343866,1.1481414832078487,0.050094489888627976,1.1107756129619661,0.05325866130263584,0.501497772391506,0.953595610324886,0.8139588168955328,1.8905287323426083,20.274156752042582,27.79388856499343,32.68376070512037,63.972947304098376
1306,MEA_SASEIDX,100_no_transfer_linear,0.5831611860734905,0.3685377813639358,0.39865497524330157,0.468164271258937,0.21244083972556985,0.16368315091044952,0.18210961851463164,0.22987573291256388,-0.0522034696135062,0.03269859106717285,-0.059586096033655236,0.03926241202806449,0.0118273182446635,0.009262176203121544,0.010599181925799539,0.011711277132044657,0.0222583490078438,0.009548887962788234,0.022669418877428398,0.011849377852970706,0.9631841231110844,0.5827714686476947,0.6998798943715787,0.747567855202156,0.0141196790026848,0.006252919738931996,0.014343812772275087,0.00771464405492938,-0.001576553488198,8.566634779333263e-06,-0.0015829784642825,9.107693030185949e-06,1.2510855477273783,0.107399024413889,1.1705362794169616,0.11418221638944197,1.0647012964585998,2.770259190953665,2.378307194510658,4.51468079302297,32.028572110309455,103.10064112226964,97.17095652740927,172.44516060867818
1307,MEA_SASEIDX,100_no_transfer_lstm,1.0705263825895048,0.3866499013693803,0.9293222558071824,0.5101116578451866,0.7332971777362668,0.45398033942275895,0.7882054926729639,0.5606289605699618,-0.1200121506935756,0.04182057460121838,-0.125382170666986,0.0551567278247147,0.0904984274341347,0.059376224518292525,0.09446580964049334,0.07201338657705353,0.0873285647369502,0.026792125757866613,0.08816046702553926,0.033969841290607275,1.869496478239825,0.7742247072006632,1.743497292293299,0.9902270672781335,0.0482598258865397,0.012929272504907482,0.048661002484450384,0.01779788462615565,-0.0057722003799041,0.000412402674382044,-0.005462898374117568,0.00043844952654696135,1.448863240474187,0.1267534659517741,1.3537981410103563,0.13475906095424048,2.5811780657340533,1.5624426699190475,2.892189017041668,2.5300416938730756,35.87877080890734,37.776984318004736,54.38748092781683,76.40830074538903
1308,MEA_SASEIDX,10_global_linear_linear,0.6313679898285036,0.39045007298085627,0.43639091565527166,0.5102816666122355,0.24287415393974254,0.20017658603112545,0.20294747283214362,0.2705330592944145,-0.5190073832432562,0.1339674461130514,-0.49560456801290304,0.1723033420839813,0.1290412636460782,0.10240063141011284,0.1031459782616109,0.13035156714488824,0.2482748889744817,0.08425673938629168,0.26240400293814886,0.10509296950702376,0.9764768231595532,0.5931794236840043,0.7103356004324922,0.765392115884612,0.1651784981823256,0.0517064989866415,0.16976536431289066,0.06454983107310808,-0.020489637855479,0.0003259684597636895,-0.020245161510656234,0.0003465562318837725,1.2575191215936814,0.09865508198841476,1.1835278101023703,0.10488601717747582,0.6826874123796948,0.9785362416240797,0.9772159016950975,1.9300778605137228,17.65324709709064,29.304982484035488,32.73574520323295,64.45770659873608
1309,MEA_SASEIDX,10_global_linear_lstm,0.3335310953260211,0.345291432993894,0.1625842751125155,0.4241844456127845,0.07600527453307385,0.12874485207785386,0.04937536712183054,0.1932717276671209,-0.3348355465800533,0.21709587035901193,-0.36454616907554555,0.2538392708158406,0.0214735711636107,0.040888031623867116,0.020645400759676778,0.053499434596993654,0.121499261632369,0.07812104856687516,0.1272850299214706,0.09347829034931167,0.49778140312388397,0.5035205047969015,0.2682314141891917,0.6231770008446038,0.0827955463933943,0.051035648541074445,0.08514342101220533,0.060860445139259686,-0.010787461507346,4.3298852665712984e-05,-0.010764747592394562,4.6721470421376416e-05,1.1270533187093432,0.058946272248187596,1.0835696869423554,0.06267206443233649,0.443079670931827,1.077863424154151,0.47649698979586563,2.3891681931670137,20.524425923722898,31.902909999088973,36.42711915129257,76.26761151737038
1310,MEA_SASEIDX,10_global_lstm_linear,0.32322047726238246,0.36924960484701963,0.13143360785528155,0.44109128075145154,0.0735449711507539,0.13134703786273075,0.03711423864003536,0.18137530665338428,-0.3790816561763505,0.22329630801774544,-0.42369812342611546,0.2586772522970357,0.022624390634488,0.04873503199749126,0.015610351013298695,0.06234524915292881,0.1366600479383307,0.07497042109944459,0.14579973431794616,0.09394109315673731,0.48168906206970236,0.5324068555335177,0.22172313270209248,0.6386000700878367,0.0958871566515675,0.050456944994466804,0.09878612918943855,0.06212990722030126,-0.012602769808016,0.0002676929014591538,-0.012412362835388338,0.00028472639902455077,1.1112994513432226,0.04169666110142621,1.0801280068836887,0.04433024873239804,0.41872300098212667,0.9748274646889986,0.4212709546361931,1.9105579662165375,20.731312143874547,26.839298496205586,32.92350735870281,59.74156278874415
1311,MEA_SASEIDX,10_global_lstm_lstm,0.354644021322455,0.3137023750460802,0.1963722767295604,0.4116904193511142,0.08530369646427624,0.12383816789229746,0.04913504557389577,0.17947069343832722,-0.3799753473243097,0.20528987669788265,-0.38928802393003215,0.2435354619090528,0.0324812410488524,0.04269046461139305,0.02383974106883712,0.057113421921348544,0.1325860709193402,0.07621529770967628,0.14266005177914035,0.0940402221339306,0.5269893706954453,0.4593176571640104,0.3146560506481861,0.6022784904326322,0.089039100618264,0.049988036569979945,0.09486972028554197,0.06124594803407683,-0.0120184528699001,0.0002815994100181321,-0.011809785033918004,0.0002993920568323626,1.138509120217711,0.06323450939144824,1.0912985008782121,0.06722855506163948,0.4895433769929562,0.9761204933116862,0.8072716586185553,1.873372289111051,20.192420495188863,28.06579175618997,33.32375618575551,63.4836180119399
1312,MEA_SASEIDX,10_no_transfer_linear,0.1371949310050516,0.3655788185541858,0.06949449099819083,0.4279189813577237,0.030662710328592697,0.13726406524714935,0.05916087441022044,0.2240426790165586,-0.0787193568718714,0.08441987955684938,-0.1177648273524205,0.108163423139243,0.0012713594326074,0.009270139312297185,0.0010394041752523357,0.011926849143774008,0.0264314622541804,0.013046225627806371,0.025562258765299814,0.015426346664843339,0.1820910221769283,0.5272999984924026,0.1289631061283474,0.6198528309593102,0.0180862758899723,0.00928314181665417,0.01793441832404577,0.010996139095693988,-0.0021398568110583,5.473493159244438e-05,-0.0020988056123639664,5.819192341137836e-05,1.0235114478916083,0.018252291871383292,1.0098222289880707,0.019405084463616572,0.1337845048074453,1.2425440531386394,0.21191999866780217,2.1264733033137224,25.67198710957237,44.99983299853979,50.33101879269999,64.30500576972719
1313,MEA_SASEIDX,10_no_transfer_lstm,0.35444453587613073,0.3799691666480219,0.1618316508133026,0.44602641506808904,0.0822983098402964,0.13865376347456732,0.07417472142950639,0.2648845804830391,-0.089599694064507,0.0649476543063639,-0.10582862653221278,0.08144800051428147,0.0051237057245157,0.011018969959626647,0.005678320507595874,0.014532151243279641,0.02378178266269,0.016671524712653187,0.028712337855309165,0.02118003697419299,0.523476533467467,0.5603079881920555,0.27514079667780555,0.6828286508029264,0.0158507451310892,0.010953313842400112,0.019343209274337324,0.014195117040252152,-0.0023636773044176,1.7852965300622047e-05,-0.0023502875804421335,1.8980536911517936e-05,1.1139619780139185,0.058349690444804266,1.0701997101803151,0.06203498604372784,0.383125867305053,1.0903294214815047,0.5470386645926822,2.113340500326973,20.062643107802543,30.950121585935644,34.67805849765196,64.71185998987316
1314,MEA_SASEIDX,500_global_linear_linear,2.188878119077376,0.9708942672901915,1.544736800852883,1.1002634320197753,2.5489930945044814,1.3205529440852162,2.0997332440407823,1.5552847341573983,-0.248020027883156,0.08055766558689016,-0.2598804468878189,0.10866792671026562,0.5427783537817303,0.3423991595089718,0.4718325581419206,0.4010924587304239,0.2281695593059948,0.05447529938804561,0.23043414971535708,0.07217263421775119,4.218201461176702,1.8991090147836074,3.04343495217976,2.1268433181851094,0.1339175240899482,0.030610365639680504,0.13005739730189347,0.04134548968350295,-0.0142066405132865,0.0023683337120612457,-0.015982890797332436,0.0025179147936283874,1.8094103954358016,0.35790823034838903,1.5409792226745094,0.38051327959657905,1.5921709363474887,1.0023799893424818,1.5553827928204567,1.762841649073598,12.909943410403216,18.47754726463048,23.00742945196375,54.2153791311906
1315,MEA_SASEIDX,500_global_linear_lstm,2.619401164369495,0.9862283777378003,2.0422912853719986,1.1019291814044048,2.9757273337430066,1.6800456381940783,2.846441501327178,1.9788564910538067,-0.1273973519648343,0.04101544446316891,-0.1384917943989498,0.05680171050463981,0.4365616520002935,0.21603090172225728,0.34974792666230037,0.23886304948541517,0.1469910586266899,0.024191787702215424,0.1359229396001174,0.03549834649045855,5.617975874690702,2.3902064303876345,4.474198623886362,2.6617212245736512,0.0685896267259986,0.011749324185017335,0.06903132227437421,0.01979473169703899,-0.0073609941150556,0.0013788259442560672,-0.008339296174170901,0.001466622537600793,2.2010782742711608,0.4676391686559644,1.8593652022330283,0.4972294486186643,2.6202770174497436,1.2618138314484755,2.2975519796868182,1.7566950909523846,22.454561990433596,15.70066768274148,28.26315546893671,31.117198476368745
1316,MEA_SASEIDX,500_global_lstm_linear,2.176123204669782,0.8783882450898314,1.6704195610037553,0.9927781139214841,2.1823913704199844,1.1811361112535723,1.9702392159971553,1.3921169997757874,-0.1230546311665141,0.037338176131190066,-0.13125569713412488,0.052860941013332684,0.2840449948939441,0.15103272795992195,0.23424555013379988,0.17065443186258733,0.1206050016308125,0.02339858868379804,0.11428954864544083,0.032006968361741786,4.61989164911385,2.0700023151412252,3.6780453644725006,2.3403973434600025,0.0586128821114489,0.009763114205396578,0.0586699958161642,0.016413775079510223,-0.0060293589675347,0.0008180225963934219,-0.006640129292666566,0.0008696908153864147,2.019117953028071,0.4058331171111985,1.71515572658133,0.4314651761633827,3.1905462408774508,1.9027194028349268,2.6500623339955043,2.394837451389735,36.7645747767193,22.167043964043884,41.58639286308332,41.594682725765885
1317,MEA_SASEIDX,500_global_lstm_lstm,0.3516034958258517,0.30727178243601916,0.20013483877522176,0.4066095853460874,0.08175346566599831,0.12082735603081894,0.04753597957417498,0.17626790573715878,-0.4154029707956992,0.15467897712061454,-0.4048462120738342,0.17998263362640599,0.0406475183351495,0.04003616047533258,0.027592025433988428,0.05225105953518265,0.1436147468949515,0.037593202227544635,0.1386897030247016,0.04994017081415025,0.5214025659367121,0.44925045052682855,0.31905545345757935,0.5952478620110259,0.0935297611834983,0.02374729736836571,0.0924620389796821,0.03173078752293322,-0.0116627177169447,0.000349315827356778,-0.011404505507075266,0.00037139103942360907,1.1515269576525964,0.05007571647654175,1.1142654368371794,0.05323898635888614,0.5017865276238326,0.9453058694208717,0.803937787488125,1.8416450935403217,19.923449247442882,27.09544029496132,32.169410498110985,61.90249331430227
1318,MEA_SASEIDX,500_no_transfer_linear,1.713187684933028,0.8384443160547412,1.1659414166382949,0.9689662245417947,1.4702582563969575,0.7662712156281394,1.1969956899464775,0.9107755902641629,-0.0060663229969147,0.0020005224389168254,-0.006638884432973464,0.003099202057729604,0.0092174717788409,0.004672726929032649,0.0064765324089211505,0.005227887264930092,0.0054056607947102,0.0010793340374301338,0.004853204268984633,0.001460646316613315,3.823784393362867,1.8805992746383091,2.8223586986367213,2.1928413508396565,0.0024564082358953,0.00041437847307154214,0.0024273318439267328,0.0008416778163079677,-0.0002216725110303,1.7111341005822242e-05,-0.0002345060167846667,1.819207252675617e-05,1.7387796621870848,0.3295063260236713,1.4916499176693312,0.35031754548097466,4.209204581229588,2.252358322585573,3.16201639372995,2.870767904459502,46.72332417136866,15.21566338152091,47.33283184788742,21.209423893419686
1319,MEA_SASEIDX,500_no_transfer_lstm,2.988284626710418,1.111807733804309,2.3299230194066793,1.2360416093389444,3.5808006317688035,1.9586612939308392,3.3984176963327473,2.353499357267177,-0.0772836586758662,0.02427789744801473,-0.0795294128769582,0.034291405641505915,0.2863540054299378,0.1389552327602272,0.232335998951815,0.15331349480790077,0.088343381111993,0.014681570780184273,0.08358356499487214,0.021610731940752474,7.599879861431044,3.15126489973289,5.874149086899989,3.5014733828801585,0.0366179342207751,0.007836830955490648,0.03840355744336014,0.012610326449373743,-0.0038786280133054,0.0008642173037988444,-0.004526790991154533,0.0009188002193537481,2.6356615342862817,0.6580385985586023,2.1421325853673303,0.6995995174375784,3.110829091386534,1.2630388258071619,2.783815078662812,1.857370798961134,25.27985909601235,11.052337342414138,28.972189180566513,21.03126743210372
